DateKey,DateID,Date,Year,Month,Day,Quarter,WeekOfYear,DayOfWeek,IsWeekend,MonthName,DayName,FiscalYear,FiscalQuarter,Holiday,IsHoliday
20160904,2016-09-04,2016-09-04,2016,9,4,3,35,1,true,September,Sunday,2017,1,,false
20160905,2016-09-05,2016-09-05,2016,9,5,3,36,2,false,September,Monday,2017,1,,false
20160906,2016-09-06,2016-09-06,2016,9,6,3,36,3,false,September,Tuesday,2017,1,,false
20160907,2016-09-07,2016-09-07,2016,9,7,3,36,4,false,September,Wednesday,2017,1,,false
20160908,2016-09-08,2016-09-08,2016,9,8,3,36,5,false,September,Thursday,2017,1,,false
20160909,2016-09-09,2016-09-09,2016,9,9,3,36,6,false,September,Friday,2017,1,,false
20160910,2016-09-10,2016-09-10,2016,9,10,3,36,7,true,September,Saturday,2017,1,,false
20160911,2016-09-11,2016-09-11,2016,9,11,3,36,1,true,September,Sunday,2017,1,,false
20160912,2016-09-12,2016-09-12,2016,9,12,3,37,2,false,September,Monday,2017,1,,false
20160913,2016-09-13,2016-09-13,2016,9,13,3,37,3,false,September,Tuesday,2017,1,,false
20160914,2016-09-14,2016-09-14,2016,9,14,3,37,4,false,September,Wednesday,2017,1,,false
20160915,2016-09-15,2016-09-15,2016,9,15,3,37,5,false,September,Thursday,2017,1,,false
20160916,2016-09-16,2016-09-16,2016,9,16,3,37,6,false,September,Friday,2017,1,,false
20160917,2016-09-17,2016-09-17,2016,9,17,3,37,7,true,September,Saturday,2017,1,,false
20160918,2016-09-18,2016-09-18,2016,9,18,3,37,1,true,September,Sunday,2017,1,,false
20160919,2016-09-19,2016-09-19,2016,9,19,3,38,2,false,September,Monday,2017,1,,false
20160920,2016-09-20,2016-09-20,2016,9,20,3,38,3,false,September,Tuesday,2017,1,,false
20160921,2016-09-21,2016-09-21,2016,9,21,3,38,4,false,September,Wednesday,2017,1,,false
20160922,2016-09-22,2016-09-22,2016,9,22,3,38,5,false,September,Thursday,2017,1,,false
20160923,2016-09-23,2016-09-23,2016,9,23,3,38,6,false,September,Friday,2017,1,,false
20160924,2016-09-24,2016-09-24,2016,9,24,3,38,7,true,September,Saturday,2017,1,,false
20160925,2016-09-25,2016-09-25,2016,9,25,3,38,1,true,September,Sunday,2017,1,,false
20160926,2016-09-26,2016-09-26,2016,9,26,3,39,2,false,September,Monday,2017,1,,false
20160927,2016-09-27,2016-09-27,2016,9,27,3,39,3,false,September,Tuesday,2017,1,,false
20160928,2016-09-28,2016-09-28,2016,9,28,3,39,4,false,September,Wednesday,2017,1,,false
20160929,2016-09-29,2016-09-29,2016,9,29,3,39,5,false,September,Thursday,2017,1,,false
20160930,2016-09-30,2016-09-30,2016,9,30,3,39,6,false,September,Friday,2017,1,,false
20161001,2016-10-01,2016-10-01,2016,10,1,4,39,7,true,October,Saturday,2017,2,,false
20161002,2016-10-02,2016-10-02,2016,10,2,4,39,1,true,October,Sunday,2017,2,,false
20161003,2016-10-03,2016-10-03,2016,10,3,4,40,2,false,October,Monday,2017,2,,false
20161004,2016-10-04,2016-10-04,2016,10,4,4,40,3,false,October,Tuesday,2017,2,,false
20161005,2016-10-05,2016-10-05,2016,10,5,4,40,4,false,October,Wednesday,2017,2,,false
20161006,2016-10-06,2016-10-06,2016,10,6,4,40,5,false,October,Thursday,2017,2,,false
20161007,2016-10-07,2016-10-07,2016,10,7,4,40,6,false,October,Friday,2017,2,,false
20161008,2016-10-08,2016-10-08,2016,10,8,4,40,7,true,October,Saturday,2017,2,,false
20161009,2016-10-09,2016-10-09,2016,10,9,4,40,1,true,October,Sunday,2017,2,,false
20161010,2016-10-10,2016-10-10,2016,10,10,4,41,2,false,October,Monday,2017,2,,false
20161011,2016-10-11,2016-10-11,2016,10,11,4,41,3,false,October,Tuesday,2017,2,,false
20161012,2016-10-12,2016-10-12,2016,10,12,4,41,4,false,October,Wednesday,2017,2,,false
20161013,2016-10-13,2016-10-13,2016,10,13,4,41,5,false,October,Thursday,2017,2,,false
20161014,2016-10-14,2016-10-14,2016,10,14,4,41,6,false,October,Friday,2017,2,,false
20161015,2016-10-15,2016-10-15,2016,10,15,4,41,7,true,October,Saturday,2017,2,,false
20161016,2016-10-16,2016-10-16,2016,10,16,4,41,1,true,October,Sunday,2017,2,,false
20161017,2016-10-17,2016-10-17,2016,10,17,4,42,2,false,October,Monday,2017,2,,false
20161018,2016-10-18,2016-10-18,2016,10,18,4,42,3,false,October,Tuesday,2017,2,,false
20161019,2016-10-19,2016-10-19,2016,10,19,4,42,4,false,October,Wednesday,2017,2,,false
20161020,2016-10-20,2016-10-20,2016,10,20,4,42,5,false,October,Thursday,2017,2,,false
20161021,2016-10-21,2016-10-21,2016,10,21,4,42,6,false,October,Friday,2017,2,,false
20161022,2016-10-22,2016-10-22,2016,10,22,4,42,7,true,October,Saturday,2017,2,,false
20161023,2016-10-23,2016-10-23,2016,10,23,4,42,1,true,October,Sunday,2017,2,,false
20161024,2016-10-24,2016-10-24,2016,10,24,4,43,2,false,October,Monday,2017,2,,false
20161025,2016-10-25,2016-10-25,2016,10,25,4,43,3,false,October,Tuesday,2017,2,,false
20161026,2016-10-26,2016-10-26,2016,10,26,4,43,4,false,October,Wednesday,2017,2,,false
20161027,2016-10-27,2016-10-27,2016,10,27,4,43,5,false,October,Thursday,2017,2,,false
20161028,2016-10-28,2016-10-28,2016,10,28,4,43,6,false,October,Friday,2017,2,,false
20161029,2016-10-29,2016-10-29,2016,10,29,4,43,7,true,October,Saturday,2017,2,,false
20161030,2016-10-30,2016-10-30,2016,10,30,4,43,1,true,October,Sunday,2017,2,,false
20161031,2016-10-31,2016-10-31,2016,10,31,4,44,2,false,October,Monday,2017,2,,false
20161101,2016-11-01,2016-11-01,2016,11,1,4,44,3,false,November,Tuesday,2017,2,,false
20161102,2016-11-02,2016-11-02,2016,11,2,4,44,4,false,November,Wednesday,2017,2,,false
20161103,2016-11-03,2016-11-03,2016,11,3,4,44,5,false,November,Thursday,2017,2,,false
20161104,2016-11-04,2016-11-04,2016,11,4,4,44,6,false,November,Friday,2017,2,,false
20161105,2016-11-05,2016-11-05,2016,11,5,4,44,7,true,November,Saturday,2017,2,,false
20161106,2016-11-06,2016-11-06,2016,11,6,4,44,1,true,November,Sunday,2017,2,,false
20161107,2016-11-07,2016-11-07,2016,11,7,4,45,2,false,November,Monday,2017,2,,false
20161108,2016-11-08,2016-11-08,2016,11,8,4,45,3,false,November,Tuesday,2017,2,,false
20161109,2016-11-09,2016-11-09,2016,11,9,4,45,4,false,November,Wednesday,2017,2,,false
20161110,2016-11-10,2016-11-10,2016,11,10,4,45,5,false,November,Thursday,2017,2,,false
20161111,2016-11-11,2016-11-11,2016,11,11,4,45,6,false,November,Friday,2017,2,,false
20161112,2016-11-12,2016-11-12,2016,11,12,4,45,7,true,November,Saturday,2017,2,,false
20161113,2016-11-13,2016-11-13,2016,11,13,4,45,1,true,November,Sunday,2017,2,,false
20161114,2016-11-14,2016-11-14,2016,11,14,4,46,2,false,November,Monday,2017,2,,false
20161115,2016-11-15,2016-11-15,2016,11,15,4,46,3,false,November,Tuesday,2017,2,,false
20161116,2016-11-16,2016-11-16,2016,11,16,4,46,4,false,November,Wednesday,2017,2,,false
20161117,2016-11-17,2016-11-17,2016,11,17,4,46,5,false,November,Thursday,2017,2,,false
20161118,2016-11-18,2016-11-18,2016,11,18,4,46,6,false,November,Friday,2017,2,,false
20161119,2016-11-19,2016-11-19,2016,11,19,4,46,7,true,November,Saturday,2017,2,,false
20161120,2016-11-20,2016-11-20,2016,11,20,4,46,1,true,November,Sunday,2017,2,,false
20161121,2016-11-21,2016-11-21,2016,11,21,4,47,2,false,November,Monday,2017,2,,false
20161122,2016-11-22,2016-11-22,2016,11,22,4,47,3,false,November,Tuesday,2017,2,,false
20161123,2016-11-23,2016-11-23,2016,11,23,4,47,4,false,November,Wednesday,2017,2,,false
20161124,2016-11-24,2016-11-24,2016,11,24,4,47,5,false,November,Thursday,2017,2,,false
20161125,2016-11-25,2016-11-25,2016,11,25,4,47,6,false,November,Friday,2017,2,,false
20161126,2016-11-26,2016-11-26,2016,11,26,4,47,7,true,November,Saturday,2017,2,,false
20161127,2016-11-27,2016-11-27,2016,11,27,4,47,1,true,November,Sunday,2017,2,,false
20161128,2016-11-28,2016-11-28,2016,11,28,4,48,2,false,November,Monday,2017,2,,false
20161129,2016-11-29,2016-11-29,2016,11,29,4,48,3,false,November,Tuesday,2017,2,,false
20161130,2016-11-30,2016-11-30,2016,11,30,4,48,4,false,November,Wednesday,2017,2,,false
20161201,2016-12-01,2016-12-01,2016,12,1,4,48,5,false,December,Thursday,2017,2,,false
20161202,2016-12-02,2016-12-02,2016,12,2,4,48,6,false,December,Friday,2017,2,,false
20161203,2016-12-03,2016-12-03,2016,12,3,4,48,7,true,December,Saturday,2017,2,,false
20161204,2016-12-04,2016-12-04,2016,12,4,4,48,1,true,December,Sunday,2017,2,,false
20161205,2016-12-05,2016-12-05,2016,12,5,4,49,2,false,December,Monday,2017,2,,false
20161206,2016-12-06,2016-12-06,2016,12,6,4,49,3,false,December,Tuesday,2017,2,,false
20161207,2016-12-07,2016-12-07,2016,12,7,4,49,4,false,December,Wednesday,2017,2,,false
20161208,2016-12-08,2016-12-08,2016,12,8,4,49,5,false,December,Thursday,2017,2,,false
20161209,2016-12-09,2016-12-09,2016,12,9,4,49,6,false,December,Friday,2017,2,,false
20161210,2016-12-10,2016-12-10,2016,12,10,4,49,7,true,December,Saturday,2017,2,,false
20161211,2016-12-11,2016-12-11,2016,12,11,4,49,1,true,December,Sunday,2017,2,,false
20161212,2016-12-12,2016-12-12,2016,12,12,4,50,2,false,December,Monday,2017,2,,false
20161213,2016-12-13,2016-12-13,2016,12,13,4,50,3,false,December,Tuesday,2017,2,,false
20161214,2016-12-14,2016-12-14,2016,12,14,4,50,4,false,December,Wednesday,2017,2,,false
20161215,2016-12-15,2016-12-15,2016,12,15,4,50,5,false,December,Thursday,2017,2,,false
20161216,2016-12-16,2016-12-16,2016,12,16,4,50,6,false,December,Friday,2017,2,,false
20161217,2016-12-17,2016-12-17,2016,12,17,4,50,7,true,December,Saturday,2017,2,,false
20161218,2016-12-18,2016-12-18,2016,12,18,4,50,1,true,December,Sunday,2017,2,,false
20161219,2016-12-19,2016-12-19,2016,12,19,4,51,2,false,December,Monday,2017,2,,false
20161220,2016-12-20,2016-12-20,2016,12,20,4,51,3,false,December,Tuesday,2017,2,,false
20161221,2016-12-21,2016-12-21,2016,12,21,4,51,4,false,December,Wednesday,2017,2,,false
20161222,2016-12-22,2016-12-22,2016,12,22,4,51,5,false,December,Thursday,2017,2,,false
20161223,2016-12-23,2016-12-23,2016,12,23,4,51,6,false,December,Friday,2017,2,,false
20161224,2016-12-24,2016-12-24,2016,12,24,4,51,7,true,December,Saturday,2017,2,,false
20161225,2016-12-25,2016-12-25,2016,12,25,4,51,1,true,December,Sunday,2017,2,,false
20161226,2016-12-26,2016-12-26,2016,12,26,4,52,2,false,December,Monday,2017,2,,false
20161227,2016-12-27,2016-12-27,2016,12,27,4,52,3,false,December,Tuesday,2017,2,,false
20161228,2016-12-28,2016-12-28,2016,12,28,4,52,4,false,December,Wednesday,2017,2,,false
20161229,2016-12-29,2016-12-29,2016,12,29,4,52,5,false,December,Thursday,2017,2,,false
20161230,2016-12-30,2016-12-30,2016,12,30,4,52,6,false,December,Friday,2017,2,,false
20161231,2016-12-31,2016-12-31,2016,12,31,4,52,7,true,December,Saturday,2017,2,,false
20170101,2017-01-01,2017-01-01,2017,1,1,1,52,1,true,January,Sunday,2017,3,,false
20170102,2017-01-02,2017-01-02,2017,1,2,1,1,2,false,January,Monday,2017,3,,false
20170103,2017-01-03,2017-01-03,2017,1,3,1,1,3,false,January,Tuesday,2017,3,,false
20170104,2017-01-04,2017-01-04,2017,1,4,1,1,4,false,January,Wednesday,2017,3,,false
20170105,2017-01-05,2017-01-05,2017,1,5,1,1,5,false,January,Thursday,2017,3,,false
20170106,2017-01-06,2017-01-06,2017,1,6,1,1,6,false,January,Friday,2017,3,,false
20170107,2017-01-07,2017-01-07,2017,1,7,1,1,7,true,January,Saturday,2017,3,,false
20170108,2017-01-08,2017-01-08,2017,1,8,1,1,1,true,January,Sunday,2017,3,,false
20170109,2017-01-09,2017-01-09,2017,1,9,1,2,2,false,January,Monday,2017,3,,false
20170110,2017-01-10,2017-01-10,2017,1,10,1,2,3,false,January,Tuesday,2017,3,,false
20170111,2017-01-11,2017-01-11,2017,1,11,1,2,4,false,January,Wednesday,2017,3,,false
20170112,2017-01-12,2017-01-12,2017,1,12,1,2,5,false,January,Thursday,2017,3,,false
20170113,2017-01-13,2017-01-13,2017,1,13,1,2,6,false,January,Friday,2017,3,,false
20170114,2017-01-14,2017-01-14,2017,1,14,1,2,7,true,January,Saturday,2017,3,,false
20170115,2017-01-15,2017-01-15,2017,1,15,1,2,1,true,January,Sunday,2017,3,,false
20170116,2017-01-16,2017-01-16,2017,1,16,1,3,2,false,January,Monday,2017,3,,false
20170117,2017-01-17,2017-01-17,2017,1,17,1,3,3,false,January,Tuesday,2017,3,,false
20170118,2017-01-18,2017-01-18,2017,1,18,1,3,4,false,January,Wednesday,2017,3,,false
20170119,2017-01-19,2017-01-19,2017,1,19,1,3,5,false,January,Thursday,2017,3,,false
20170120,2017-01-20,2017-01-20,2017,1,20,1,3,6,false,January,Friday,2017,3,,false
20170121,2017-01-21,2017-01-21,2017,1,21,1,3,7,true,January,Saturday,2017,3,,false
20170122,2017-01-22,2017-01-22,2017,1,22,1,3,1,true,January,Sunday,2017,3,,false
20170123,2017-01-23,2017-01-23,2017,1,23,1,4,2,false,January,Monday,2017,3,,false
20170124,2017-01-24,2017-01-24,2017,1,24,1,4,3,false,January,Tuesday,2017,3,,false
20170125,2017-01-25,2017-01-25,2017,1,25,1,4,4,false,January,Wednesday,2017,3,,false
20170126,2017-01-26,2017-01-26,2017,1,26,1,4,5,false,January,Thursday,2017,3,,false
20170127,2017-01-27,2017-01-27,2017,1,27,1,4,6,false,January,Friday,2017,3,,false
20170128,2017-01-28,2017-01-28,2017,1,28,1,4,7,true,January,Saturday,2017,3,,false
20170129,2017-01-29,2017-01-29,2017,1,29,1,4,1,true,January,Sunday,2017,3,,false
20170130,2017-01-30,2017-01-30,2017,1,30,1,5,2,false,January,Monday,2017,3,,false
20170131,2017-01-31,2017-01-31,2017,1,31,1,5,3,false,January,Tuesday,2017,3,,false
20170201,2017-02-01,2017-02-01,2017,2,1,1,5,4,false,February,Wednesday,2017,3,,false
20170202,2017-02-02,2017-02-02,2017,2,2,1,5,5,false,February,Thursday,2017,3,,false
20170203,2017-02-03,2017-02-03,2017,2,3,1,5,6,false,February,Friday,2017,3,,false
20170204,2017-02-04,2017-02-04,2017,2,4,1,5,7,true,February,Saturday,2017,3,,false
20170205,2017-02-05,2017-02-05,2017,2,5,1,5,1,true,February,Sunday,2017,3,,false
20170206,2017-02-06,2017-02-06,2017,2,6,1,6,2,false,February,Monday,2017,3,,false
20170207,2017-02-07,2017-02-07,2017,2,7,1,6,3,false,February,Tuesday,2017,3,,false
20170208,2017-02-08,2017-02-08,2017,2,8,1,6,4,false,February,Wednesday,2017,3,,false
20170209,2017-02-09,2017-02-09,2017,2,9,1,6,5,false,February,Thursday,2017,3,,false
20170210,2017-02-10,2017-02-10,2017,2,10,1,6,6,false,February,Friday,2017,3,,false
20170211,2017-02-11,2017-02-11,2017,2,11,1,6,7,true,February,Saturday,2017,3,,false
20170212,2017-02-12,2017-02-12,2017,2,12,1,6,1,true,February,Sunday,2017,3,,false
20170213,2017-02-13,2017-02-13,2017,2,13,1,7,2,false,February,Monday,2017,3,,false
20170214,2017-02-14,2017-02-14,2017,2,14,1,7,3,false,February,Tuesday,2017,3,,false
20170215,2017-02-15,2017-02-15,2017,2,15,1,7,4,false,February,Wednesday,2017,3,,false
20170216,2017-02-16,2017-02-16,2017,2,16,1,7,5,false,February,Thursday,2017,3,,false
20170217,2017-02-17,2017-02-17,2017,2,17,1,7,6,false,February,Friday,2017,3,,false
20170218,2017-02-18,2017-02-18,2017,2,18,1,7,7,true,February,Saturday,2017,3,,false
20170219,2017-02-19,2017-02-19,2017,2,19,1,7,1,true,February,Sunday,2017,3,,false
20170220,2017-02-20,2017-02-20,2017,2,20,1,8,2,false,February,Monday,2017,3,,false
20170221,2017-02-21,2017-02-21,2017,2,21,1,8,3,false,February,Tuesday,2017,3,,false
20170222,2017-02-22,2017-02-22,2017,2,22,1,8,4,false,February,Wednesday,2017,3,,false
20170223,2017-02-23,2017-02-23,2017,2,23,1,8,5,false,February,Thursday,2017,3,,false
20170224,2017-02-24,2017-02-24,2017,2,24,1,8,6,false,February,Friday,2017,3,,false
20170225,2017-02-25,2017-02-25,2017,2,25,1,8,7,true,February,Saturday,2017,3,,false
20170226,2017-02-26,2017-02-26,2017,2,26,1,8,1,true,February,Sunday,2017,3,,false
20170227,2017-02-27,2017-02-27,2017,2,27,1,9,2,false,February,Monday,2017,3,,false
20170228,2017-02-28,2017-02-28,2017,2,28,1,9,3,false,February,Tuesday,2017,3,,false
20170301,2017-03-01,2017-03-01,2017,3,1,1,9,4,false,March,Wednesday,2017,3,,false
20170302,2017-03-02,2017-03-02,2017,3,2,1,9,5,false,March,Thursday,2017,3,,false
20170303,2017-03-03,2017-03-03,2017,3,3,1,9,6,false,March,Friday,2017,3,,false
20170304,2017-03-04,2017-03-04,2017,3,4,1,9,7,true,March,Saturday,2017,3,,false
20170305,2017-03-05,2017-03-05,2017,3,5,1,9,1,true,March,Sunday,2017,3,,false
20170306,2017-03-06,2017-03-06,2017,3,6,1,10,2,false,March,Monday,2017,3,,false
20170307,2017-03-07,2017-03-07,2017,3,7,1,10,3,false,March,Tuesday,2017,3,,false
20170308,2017-03-08,2017-03-08,2017,3,8,1,10,4,false,March,Wednesday,2017,3,,false
20170309,2017-03-09,2017-03-09,2017,3,9,1,10,5,false,March,Thursday,2017,3,,false
20170310,2017-03-10,2017-03-10,2017,3,10,1,10,6,false,March,Friday,2017,3,,false
20170311,2017-03-11,2017-03-11,2017,3,11,1,10,7,true,March,Saturday,2017,3,,false
20170312,2017-03-12,2017-03-12,2017,3,12,1,10,1,true,March,Sunday,2017,3,,false
20170313,2017-03-13,2017-03-13,2017,3,13,1,11,2,false,March,Monday,2017,3,,false
20170314,2017-03-14,2017-03-14,2017,3,14,1,11,3,false,March,Tuesday,2017,3,,false
20170315,2017-03-15,2017-03-15,2017,3,15,1,11,4,false,March,Wednesday,2017,3,,false
20170316,2017-03-16,2017-03-16,2017,3,16,1,11,5,false,March,Thursday,2017,3,,false
20170317,2017-03-17,2017-03-17,2017,3,17,1,11,6,false,March,Friday,2017,3,,false
20170318,2017-03-18,2017-03-18,2017,3,18,1,11,7,true,March,Saturday,2017,3,,false
20170319,2017-03-19,2017-03-19,2017,3,19,1,11,1,true,March,Sunday,2017,3,,false
20170320,2017-03-20,2017-03-20,2017,3,20,1,12,2,false,March,Monday,2017,3,,false
20170321,2017-03-21,2017-03-21,2017,3,21,1,12,3,false,March,Tuesday,2017,3,,false
20170322,2017-03-22,2017-03-22,2017,3,22,1,12,4,false,March,Wednesday,2017,3,,false
20170323,2017-03-23,2017-03-23,2017,3,23,1,12,5,false,March,Thursday,2017,3,,false
20170324,2017-03-24,2017-03-24,2017,3,24,1,12,6,false,March,Friday,2017,3,,false
20170325,2017-03-25,2017-03-25,2017,3,25,1,12,7,true,March,Saturday,2017,3,,false
20170326,2017-03-26,2017-03-26,2017,3,26,1,12,1,true,March,Sunday,2017,3,,false
20170327,2017-03-27,2017-03-27,2017,3,27,1,13,2,false,March,Monday,2017,3,,false
20170328,2017-03-28,2017-03-28,2017,3,28,1,13,3,false,March,Tuesday,2017,3,,false
20170329,2017-03-29,2017-03-29,2017,3,29,1,13,4,false,March,Wednesday,2017,3,,false
20170330,2017-03-30,2017-03-30,2017,3,30,1,13,5,false,March,Thursday,2017,3,,false
20170331,2017-03-31,2017-03-31,2017,3,31,1,13,6,false,March,Friday,2017,3,,false
20170401,2017-04-01,2017-04-01,2017,4,1,2,13,7,true,April,Saturday,2017,4,,false
20170402,2017-04-02,2017-04-02,2017,4,2,2,13,1,true,April,Sunday,2017,4,,false
20170403,2017-04-03,2017-04-03,2017,4,3,2,14,2,false,April,Monday,2017,4,,false
20170404,2017-04-04,2017-04-04,2017,4,4,2,14,3,false,April,Tuesday,2017,4,,false
20170405,2017-04-05,2017-04-05,2017,4,5,2,14,4,false,April,Wednesday,2017,4,,false
20170406,2017-04-06,2017-04-06,2017,4,6,2,14,5,false,April,Thursday,2017,4,,false
20170407,2017-04-07,2017-04-07,2017,4,7,2,14,6,false,April,Friday,2017,4,,false
20170408,2017-04-08,2017-04-08,2017,4,8,2,14,7,true,April,Saturday,2017,4,,false
20170409,2017-04-09,2017-04-09,2017,4,9,2,14,1,true,April,Sunday,2017,4,,false
20170410,2017-04-10,2017-04-10,2017,4,10,2,15,2,false,April,Monday,2017,4,,false
20170411,2017-04-11,2017-04-11,2017,4,11,2,15,3,false,April,Tuesday,2017,4,,false
20170412,2017-04-12,2017-04-12,2017,4,12,2,15,4,false,April,Wednesday,2017,4,,false
20170413,2017-04-13,2017-04-13,2017,4,13,2,15,5,false,April,Thursday,2017,4,,false
20170414,2017-04-14,2017-04-14,2017,4,14,2,15,6,false,April,Friday,2017,4,,false
20170415,2017-04-15,2017-04-15,2017,4,15,2,15,7,true,April,Saturday,2017,4,,false
20170416,2017-04-16,2017-04-16,2017,4,16,2,15,1,true,April,Sunday,2017,4,,false
20170417,2017-04-17,2017-04-17,2017,4,17,2,16,2,false,April,Monday,2017,4,,false
20170418,2017-04-18,2017-04-18,2017,4,18,2,16,3,false,April,Tuesday,2017,4,,false
20170419,2017-04-19,2017-04-19,2017,4,19,2,16,4,false,April,Wednesday,2017,4,,false
20170420,2017-04-20,2017-04-20,2017,4,20,2,16,5,false,April,Thursday,2017,4,,false
20170421,2017-04-21,2017-04-21,2017,4,21,2,16,6,false,April,Friday,2017,4,,false
20170422,2017-04-22,2017-04-22,2017,4,22,2,16,7,true,April,Saturday,2017,4,,false
20170423,2017-04-23,2017-04-23,2017,4,23,2,16,1,true,April,Sunday,2017,4,,false
20170424,2017-04-24,2017-04-24,2017,4,24,2,17,2,false,April,Monday,2017,4,,false
20170425,2017-04-25,2017-04-25,2017,4,25,2,17,3,false,April,Tuesday,2017,4,,false
20170426,2017-04-26,2017-04-26,2017,4,26,2,17,4,false,April,Wednesday,2017,4,,false
20170427,2017-04-27,2017-04-27,2017,4,27,2,17,5,false,April,Thursday,2017,4,,false
20170428,2017-04-28,2017-04-28,2017,4,28,2,17,6,false,April,Friday,2017,4,,false
20170429,2017-04-29,2017-04-29,2017,4,29,2,17,7,true,April,Saturday,2017,4,,false
20170430,2017-04-30,2017-04-30,2017,4,30,2,17,1,true,April,Sunday,2017,4,,false
20170501,2017-05-01,2017-05-01,2017,5,1,2,18,2,false,May,Monday,2017,4,,false
20170502,2017-05-02,2017-05-02,2017,5,2,2,18,3,false,May,Tuesday,2017,4,,false
20170503,2017-05-03,2017-05-03,2017,5,3,2,18,4,false,May,Wednesday,2017,4,,false
20170504,2017-05-04,2017-05-04,2017,5,4,2,18,5,false,May,Thursday,2017,4,,false
20170505,2017-05-05,2017-05-05,2017,5,5,2,18,6,false,May,Friday,2017,4,,false
20170506,2017-05-06,2017-05-06,2017,5,6,2,18,7,true,May,Saturday,2017,4,,false
20170507,2017-05-07,2017-05-07,2017,5,7,2,18,1,true,May,Sunday,2017,4,,false
20170508,2017-05-08,2017-05-08,2017,5,8,2,19,2,false,May,Monday,2017,4,,false
20170509,2017-05-09,2017-05-09,2017,5,9,2,19,3,false,May,Tuesday,2017,4,,false
20170510,2017-05-10,2017-05-10,2017,5,10,2,19,4,false,May,Wednesday,2017,4,,false
20170511,2017-05-11,2017-05-11,2017,5,11,2,19,5,false,May,Thursday,2017,4,,false
20170512,2017-05-12,2017-05-12,2017,5,12,2,19,6,false,May,Friday,2017,4,,false
20170513,2017-05-13,2017-05-13,2017,5,13,2,19,7,true,May,Saturday,2017,4,,false
20170514,2017-05-14,2017-05-14,2017,5,14,2,19,1,true,May,Sunday,2017,4,,false
20170515,2017-05-15,2017-05-15,2017,5,15,2,20,2,false,May,Monday,2017,4,,false
20170516,2017-05-16,2017-05-16,2017,5,16,2,20,3,false,May,Tuesday,2017,4,,false
20170517,2017-05-17,2017-05-17,2017,5,17,2,20,4,false,May,Wednesday,2017,4,,false
20170518,2017-05-18,2017-05-18,2017,5,18,2,20,5,false,May,Thursday,2017,4,,false
20170519,2017-05-19,2017-05-19,2017,5,19,2,20,6,false,May,Friday,2017,4,,false
20170520,2017-05-20,2017-05-20,2017,5,20,2,20,7,true,May,Saturday,2017,4,,false
20170521,2017-05-21,2017-05-21,2017,5,21,2,20,1,true,May,Sunday,2017,4,,false
20170522,2017-05-22,2017-05-22,2017,5,22,2,21,2,false,May,Monday,2017,4,,false
20170523,2017-05-23,2017-05-23,2017,5,23,2,21,3,false,May,Tuesday,2017,4,,false
20170524,2017-05-24,2017-05-24,2017,5,24,2,21,4,false,May,Wednesday,2017,4,,false
20170525,2017-05-25,2017-05-25,2017,5,25,2,21,5,false,May,Thursday,2017,4,,false
20170526,2017-05-26,2017-05-26,2017,5,26,2,21,6,false,May,Friday,2017,4,,false
20170527,2017-05-27,2017-05-27,2017,5,27,2,21,7,true,May,Saturday,2017,4,,false
20170528,2017-05-28,2017-05-28,2017,5,28,2,21,1,true,May,Sunday,2017,4,,false
20170529,2017-05-29,2017-05-29,2017,5,29,2,22,2,false,May,Monday,2017,4,,false
20170530,2017-05-30,2017-05-30,2017,5,30,2,22,3,false,May,Tuesday,2017,4,,false
20170531,2017-05-31,2017-05-31,2017,5,31,2,22,4,false,May,Wednesday,2017,4,,false
20170601,2017-06-01,2017-06-01,2017,6,1,2,22,5,false,June,Thursday,2017,4,,false
20170602,2017-06-02,2017-06-02,2017,6,2,2,22,6,false,June,Friday,2017,4,,false
20170603,2017-06-03,2017-06-03,2017,6,3,2,22,7,true,June,Saturday,2017,4,,false
20170604,2017-06-04,2017-06-04,2017,6,4,2,22,1,true,June,Sunday,2017,4,,false
20170605,2017-06-05,2017-06-05,2017,6,5,2,23,2,false,June,Monday,2017,4,,false
20170606,2017-06-06,2017-06-06,2017,6,6,2,23,3,false,June,Tuesday,2017,4,,false
20170607,2017-06-07,2017-06-07,2017,6,7,2,23,4,false,June,Wednesday,2017,4,,false
20170608,2017-06-08,2017-06-08,2017,6,8,2,23,5,false,June,Thursday,2017,4,,false
20170609,2017-06-09,2017-06-09,2017,6,9,2,23,6,false,June,Friday,2017,4,,false
20170610,2017-06-10,2017-06-10,2017,6,10,2,23,7,true,June,Saturday,2017,4,,false
20170611,2017-06-11,2017-06-11,2017,6,11,2,23,1,true,June,Sunday,2017,4,,false
20170612,2017-06-12,2017-06-12,2017,6,12,2,24,2,false,June,Monday,2017,4,,false
20170613,2017-06-13,2017-06-13,2017,6,13,2,24,3,false,June,Tuesday,2017,4,,false
20170614,2017-06-14,2017-06-14,2017,6,14,2,24,4,false,June,Wednesday,2017,4,,false
20170615,2017-06-15,2017-06-15,2017,6,15,2,24,5,false,June,Thursday,2017,4,,false
20170616,2017-06-16,2017-06-16,2017,6,16,2,24,6,false,June,Friday,2017,4,,false
20170617,2017-06-17,2017-06-17,2017,6,17,2,24,7,true,June,Saturday,2017,4,,false
20170618,2017-06-18,2017-06-18,2017,6,18,2,24,1,true,June,Sunday,2017,4,,false
20170619,2017-06-19,2017-06-19,2017,6,19,2,25,2,false,June,Monday,2017,4,,false
20170620,2017-06-20,2017-06-20,2017,6,20,2,25,3,false,June,Tuesday,2017,4,,false
20170621,2017-06-21,2017-06-21,2017,6,21,2,25,4,false,June,Wednesday,2017,4,,false
20170622,2017-06-22,2017-06-22,2017,6,22,2,25,5,false,June,Thursday,2017,4,,false
20170623,2017-06-23,2017-06-23,2017,6,23,2,25,6,false,June,Friday,2017,4,,false
20170624,2017-06-24,2017-06-24,2017,6,24,2,25,7,true,June,Saturday,2017,4,,false
20170625,2017-06-25,2017-06-25,2017,6,25,2,25,1,true,June,Sunday,2017,4,,false
20170626,2017-06-26,2017-06-26,2017,6,26,2,26,2,false,June,Monday,2017,4,,false
20170627,2017-06-27,2017-06-27,2017,6,27,2,26,3,false,June,Tuesday,2017,4,,false
20170628,2017-06-28,2017-06-28,2017,6,28,2,26,4,false,June,Wednesday,2017,4,,false
20170629,2017-06-29,2017-06-29,2017,6,29,2,26,5,false,June,Thursday,2017,4,,false
20170630,2017-06-30,2017-06-30,2017,6,30,2,26,6,false,June,Friday,2017,4,,false
20170701,2017-07-01,2017-07-01,2017,7,1,3,26,7,true,July,Saturday,2018,1,,false
20170702,2017-07-02,2017-07-02,2017,7,2,3,26,1,true,July,Sunday,2018,1,,false
20170703,2017-07-03,2017-07-03,2017,7,3,3,27,2,false,July,Monday,2018,1,,false
20170704,2017-07-04,2017-07-04,2017,7,4,3,27,3,false,July,Tuesday,2018,1,,false
20170705,2017-07-05,2017-07-05,2017,7,5,3,27,4,false,July,Wednesday,2018,1,,false
20170706,2017-07-06,2017-07-06,2017,7,6,3,27,5,false,July,Thursday,2018,1,,false
20170707,2017-07-07,2017-07-07,2017,7,7,3,27,6,false,July,Friday,2018,1,,false
20170708,2017-07-08,2017-07-08,2017,7,8,3,27,7,true,July,Saturday,2018,1,,false
20170709,2017-07-09,2017-07-09,2017,7,9,3,27,1,true,July,Sunday,2018,1,,false
20170710,2017-07-10,2017-07-10,2017,7,10,3,28,2,false,July,Monday,2018,1,,false
20170711,2017-07-11,2017-07-11,2017,7,11,3,28,3,false,July,Tuesday,2018,1,,false
20170712,2017-07-12,2017-07-12,2017,7,12,3,28,4,false,July,Wednesday,2018,1,,false
20170713,2017-07-13,2017-07-13,2017,7,13,3,28,5,false,July,Thursday,2018,1,,false
20170714,2017-07-14,2017-07-14,2017,7,14,3,28,6,false,July,Friday,2018,1,,false
20170715,2017-07-15,2017-07-15,2017,7,15,3,28,7,true,July,Saturday,2018,1,,false
20170716,2017-07-16,2017-07-16,2017,7,16,3,28,1,true,July,Sunday,2018,1,,false
20170717,2017-07-17,2017-07-17,2017,7,17,3,29,2,false,July,Monday,2018,1,,false
20170718,2017-07-18,2017-07-18,2017,7,18,3,29,3,false,July,Tuesday,2018,1,,false
20170719,2017-07-19,2017-07-19,2017,7,19,3,29,4,false,July,Wednesday,2018,1,,false
20170720,2017-07-20,2017-07-20,2017,7,20,3,29,5,false,July,Thursday,2018,1,,false
20170721,2017-07-21,2017-07-21,2017,7,21,3,29,6,false,July,Friday,2018,1,,false
20170722,2017-07-22,2017-07-22,2017,7,22,3,29,7,true,July,Saturday,2018,1,,false
20170723,2017-07-23,2017-07-23,2017,7,23,3,29,1,true,July,Sunday,2018,1,,false
20170724,2017-07-24,2017-07-24,2017,7,24,3,30,2,false,July,Monday,2018,1,,false
20170725,2017-07-25,2017-07-25,2017,7,25,3,30,3,false,July,Tuesday,2018,1,,false
20170726,2017-07-26,2017-07-26,2017,7,26,3,30,4,false,July,Wednesday,2018,1,,false
20170727,2017-07-27,2017-07-27,2017,7,27,3,30,5,false,July,Thursday,2018,1,,false
20170728,2017-07-28,2017-07-28,2017,7,28,3,30,6,false,July,Friday,2018,1,,false
20170729,2017-07-29,2017-07-29,2017,7,29,3,30,7,true,July,Saturday,2018,1,,false
20170730,2017-07-30,2017-07-30,2017,7,30,3,30,1,true,July,Sunday,2018,1,,false
20170731,2017-07-31,2017-07-31,2017,7,31,3,31,2,false,July,Monday,2018,1,,false
20170801,2017-08-01,2017-08-01,2017,8,1,3,31,3,false,August,Tuesday,2018,1,,false
20170802,2017-08-02,2017-08-02,2017,8,2,3,31,4,false,August,Wednesday,2018,1,,false
20170803,2017-08-03,2017-08-03,2017,8,3,3,31,5,false,August,Thursday,2018,1,,false
20170804,2017-08-04,2017-08-04,2017,8,4,3,31,6,false,August,Friday,2018,1,,false
20170805,2017-08-05,2017-08-05,2017,8,5,3,31,7,true,August,Saturday,2018,1,,false
20170806,2017-08-06,2017-08-06,2017,8,6,3,31,1,true,August,Sunday,2018,1,,false
20170807,2017-08-07,2017-08-07,2017,8,7,3,32,2,false,August,Monday,2018,1,,false
20170808,2017-08-08,2017-08-08,2017,8,8,3,32,3,false,August,Tuesday,2018,1,,false
20170809,2017-08-09,2017-08-09,2017,8,9,3,32,4,false,August,Wednesday,2018,1,,false
20170810,2017-08-10,2017-08-10,2017,8,10,3,32,5,false,August,Thursday,2018,1,,false
20170811,2017-08-11,2017-08-11,2017,8,11,3,32,6,false,August,Friday,2018,1,,false
20170812,2017-08-12,2017-08-12,2017,8,12,3,32,7,true,August,Saturday,2018,1,,false
20170813,2017-08-13,2017-08-13,2017,8,13,3,32,1,true,August,Sunday,2018,1,,false
20170814,2017-08-14,2017-08-14,2017,8,14,3,33,2,false,August,Monday,2018,1,,false
20170815,2017-08-15,2017-08-15,2017,8,15,3,33,3,false,August,Tuesday,2018,1,,false
20170816,2017-08-16,2017-08-16,2017,8,16,3,33,4,false,August,Wednesday,2018,1,,false
20170817,2017-08-17,2017-08-17,2017,8,17,3,33,5,false,August,Thursday,2018,1,,false
20170818,2017-08-18,2017-08-18,2017,8,18,3,33,6,false,August,Friday,2018,1,,false
20170819,2017-08-19,2017-08-19,2017,8,19,3,33,7,true,August,Saturday,2018,1,,false
20170820,2017-08-20,2017-08-20,2017,8,20,3,33,1,true,August,Sunday,2018,1,,false
20170821,2017-08-21,2017-08-21,2017,8,21,3,34,2,false,August,Monday,2018,1,,false
20170822,2017-08-22,2017-08-22,2017,8,22,3,34,3,false,August,Tuesday,2018,1,,false
20170823,2017-08-23,2017-08-23,2017,8,23,3,34,4,false,August,Wednesday,2018,1,,false
20170824,2017-08-24,2017-08-24,2017,8,24,3,34,5,false,August,Thursday,2018,1,,false
20170825,2017-08-25,2017-08-25,2017,8,25,3,34,6,false,August,Friday,2018,1,,false
20170826,2017-08-26,2017-08-26,2017,8,26,3,34,7,true,August,Saturday,2018,1,,false
20170827,2017-08-27,2017-08-27,2017,8,27,3,34,1,true,August,Sunday,2018,1,,false
20170828,2017-08-28,2017-08-28,2017,8,28,3,35,2,false,August,Monday,2018,1,,false
20170829,2017-08-29,2017-08-29,2017,8,29,3,35,3,false,August,Tuesday,2018,1,,false
20170830,2017-08-30,2017-08-30,2017,8,30,3,35,4,false,August,Wednesday,2018,1,,false
20170831,2017-08-31,2017-08-31,2017,8,31,3,35,5,false,August,Thursday,2018,1,,false
20170901,2017-09-01,2017-09-01,2017,9,1,3,35,6,false,September,Friday,2018,1,,false
20170902,2017-09-02,2017-09-02,2017,9,2,3,35,7,true,September,Saturday,2018,1,,false
20170903,2017-09-03,2017-09-03,2017,9,3,3,35,1,true,September,Sunday,2018,1,,false
20170904,2017-09-04,2017-09-04,2017,9,4,3,36,2,false,September,Monday,2018,1,,false
20170905,2017-09-05,2017-09-05,2017,9,5,3,36,3,false,September,Tuesday,2018,1,,false
20170906,2017-09-06,2017-09-06,2017,9,6,3,36,4,false,September,Wednesday,2018,1,,false
20170907,2017-09-07,2017-09-07,2017,9,7,3,36,5,false,September,Thursday,2018,1,,false
20170908,2017-09-08,2017-09-08,2017,9,8,3,36,6,false,September,Friday,2018,1,,false
20170909,2017-09-09,2017-09-09,2017,9,9,3,36,7,true,September,Saturday,2018,1,,false
20170910,2017-09-10,2017-09-10,2017,9,10,3,36,1,true,September,Sunday,2018,1,,false
20170911,2017-09-11,2017-09-11,2017,9,11,3,37,2,false,September,Monday,2018,1,,false
20170912,2017-09-12,2017-09-12,2017,9,12,3,37,3,false,September,Tuesday,2018,1,,false
20170913,2017-09-13,2017-09-13,2017,9,13,3,37,4,false,September,Wednesday,2018,1,,false
20170914,2017-09-14,2017-09-14,2017,9,14,3,37,5,false,September,Thursday,2018,1,,false
20170915,2017-09-15,2017-09-15,2017,9,15,3,37,6,false,September,Friday,2018,1,,false
20170916,2017-09-16,2017-09-16,2017,9,16,3,37,7,true,September,Saturday,2018,1,,false
20170917,2017-09-17,2017-09-17,2017,9,17,3,37,1,true,September,Sunday,2018,1,,false
20170918,2017-09-18,2017-09-18,2017,9,18,3,38,2,false,September,Monday,2018,1,,false
20170919,2017-09-19,2017-09-19,2017,9,19,3,38,3,false,September,Tuesday,2018,1,,false
20170920,2017-09-20,2017-09-20,2017,9,20,3,38,4,false,September,Wednesday,2018,1,,false
20170921,2017-09-21,2017-09-21,2017,9,21,3,38,5,false,September,Thursday,2018,1,,false
20170922,2017-09-22,2017-09-22,2017,9,22,3,38,6,false,September,Friday,2018,1,,false
20170923,2017-09-23,2017-09-23,2017,9,23,3,38,7,true,September,Saturday,2018,1,,false
20170924,2017-09-24,2017-09-24,2017,9,24,3,38,1,true,September,Sunday,2018,1,,false
20170925,2017-09-25,2017-09-25,2017,9,25,3,39,2,false,September,Monday,2018,1,,false
20170926,2017-09-26,2017-09-26,2017,9,26,3,39,3,false,September,Tuesday,2018,1,,false
20170927,2017-09-27,2017-09-27,2017,9,27,3,39,4,false,September,Wednesday,2018,1,,false
20170928,2017-09-28,2017-09-28,2017,9,28,3,39,5,false,September,Thursday,2018,1,,false
20170929,2017-09-29,2017-09-29,2017,9,29,3,39,6,false,September,Friday,2018,1,,false
20170930,2017-09-30,2017-09-30,2017,9,30,3,39,7,true,September,Saturday,2018,1,,false
20171001,2017-10-01,2017-10-01,2017,10,1,4,39,1,true,October,Sunday,2018,2,,false
20171002,2017-10-02,2017-10-02,2017,10,2,4,40,2,false,October,Monday,2018,2,,false
20171003,2017-10-03,2017-10-03,2017,10,3,4,40,3,false,October,Tuesday,2018,2,,false
20171004,2017-10-04,2017-10-04,2017,10,4,4,40,4,false,October,Wednesday,2018,2,,false
20171005,2017-10-05,2017-10-05,2017,10,5,4,40,5,false,October,Thursday,2018,2,,false
20171006,2017-10-06,2017-10-06,2017,10,6,4,40,6,false,October,Friday,2018,2,,false
20171007,2017-10-07,2017-10-07,2017,10,7,4,40,7,true,October,Saturday,2018,2,,false
20171008,2017-10-08,2017-10-08,2017,10,8,4,40,1,true,October,Sunday,2018,2,,false
20171009,2017-10-09,2017-10-09,2017,10,9,4,41,2,false,October,Monday,2018,2,,false
20171010,2017-10-10,2017-10-10,2017,10,10,4,41,3,false,October,Tuesday,2018,2,,false
20171011,2017-10-11,2017-10-11,2017,10,11,4,41,4,false,October,Wednesday,2018,2,,false
20171012,2017-10-12,2017-10-12,2017,10,12,4,41,5,false,October,Thursday,2018,2,,false
20171013,2017-10-13,2017-10-13,2017,10,13,4,41,6,false,October,Friday,2018,2,,false
20171014,2017-10-14,2017-10-14,2017,10,14,4,41,7,true,October,Saturday,2018,2,,false
20171015,2017-10-15,2017-10-15,2017,10,15,4,41,1,true,October,Sunday,2018,2,,false
20171016,2017-10-16,2017-10-16,2017,10,16,4,42,2,false,October,Monday,2018,2,,false
20171017,2017-10-17,2017-10-17,2017,10,17,4,42,3,false,October,Tuesday,2018,2,,false
20171018,2017-10-18,2017-10-18,2017,10,18,4,42,4,false,October,Wednesday,2018,2,,false
20171019,2017-10-19,2017-10-19,2017,10,19,4,42,5,false,October,Thursday,2018,2,,false
20171020,2017-10-20,2017-10-20,2017,10,20,4,42,6,false,October,Friday,2018,2,,false
20171021,2017-10-21,2017-10-21,2017,10,21,4,42,7,true,October,Saturday,2018,2,,false
20171022,2017-10-22,2017-10-22,2017,10,22,4,42,1,true,October,Sunday,2018,2,,false
20171023,2017-10-23,2017-10-23,2017,10,23,4,43,2,false,October,Monday,2018,2,,false
20171024,2017-10-24,2017-10-24,2017,10,24,4,43,3,false,October,Tuesday,2018,2,,false
20171025,2017-10-25,2017-10-25,2017,10,25,4,43,4,false,October,Wednesday,2018,2,,false
20171026,2017-10-26,2017-10-26,2017,10,26,4,43,5,false,October,Thursday,2018,2,,false
20171027,2017-10-27,2017-10-27,2017,10,27,4,43,6,false,October,Friday,2018,2,,false
20171028,2017-10-28,2017-10-28,2017,10,28,4,43,7,true,October,Saturday,2018,2,,false
20171029,2017-10-29,2017-10-29,2017,10,29,4,43,1,true,October,Sunday,2018,2,,false
20171030,2017-10-30,2017-10-30,2017,10,30,4,44,2,false,October,Monday,2018,2,,false
20171031,2017-10-31,2017-10-31,2017,10,31,4,44,3,false,October,Tuesday,2018,2,,false
20171101,2017-11-01,2017-11-01,2017,11,1,4,44,4,false,November,Wednesday,2018,2,,false
20171102,2017-11-02,2017-11-02,2017,11,2,4,44,5,false,November,Thursday,2018,2,,false
20171103,2017-11-03,2017-11-03,2017,11,3,4,44,6,false,November,Friday,2018,2,,false
20171104,2017-11-04,2017-11-04,2017,11,4,4,44,7,true,November,Saturday,2018,2,,false
20171105,2017-11-05,2017-11-05,2017,11,5,4,44,1,true,November,Sunday,2018,2,,false
20171106,2017-11-06,2017-11-06,2017,11,6,4,45,2,false,November,Monday,2018,2,,false
20171107,2017-11-07,2017-11-07,2017,11,7,4,45,3,false,November,Tuesday,2018,2,,false
20171108,2017-11-08,2017-11-08,2017,11,8,4,45,4,false,November,Wednesday,2018,2,,false
20171109,2017-11-09,2017-11-09,2017,11,9,4,45,5,false,November,Thursday,2018,2,,false
20171110,2017-11-10,2017-11-10,2017,11,10,4,45,6,false,November,Friday,2018,2,,false
20171111,2017-11-11,2017-11-11,2017,11,11,4,45,7,true,November,Saturday,2018,2,,false
20171112,2017-11-12,2017-11-12,2017,11,12,4,45,1,true,November,Sunday,2018,2,,false
20171113,2017-11-13,2017-11-13,2017,11,13,4,46,2,false,November,Monday,2018,2,,false
20171114,2017-11-14,2017-11-14,2017,11,14,4,46,3,false,November,Tuesday,2018,2,,false
20171115,2017-11-15,2017-11-15,2017,11,15,4,46,4,false,November,Wednesday,2018,2,,false
20171116,2017-11-16,2017-11-16,2017,11,16,4,46,5,false,November,Thursday,2018,2,,false
20171117,2017-11-17,2017-11-17,2017,11,17,4,46,6,false,November,Friday,2018,2,,false
20171118,2017-11-18,2017-11-18,2017,11,18,4,46,7,true,November,Saturday,2018,2,,false
20171119,2017-11-19,2017-11-19,2017,11,19,4,46,1,true,November,Sunday,2018,2,,false
20171120,2017-11-20,2017-11-20,2017,11,20,4,47,2,false,November,Monday,2018,2,,false
20171121,2017-11-21,2017-11-21,2017,11,21,4,47,3,false,November,Tuesday,2018,2,,false
20171122,2017-11-22,2017-11-22,2017,11,22,4,47,4,false,November,Wednesday,2018,2,,false
20171123,2017-11-23,2017-11-23,2017,11,23,4,47,5,false,November,Thursday,2018,2,,false
20171124,2017-11-24,2017-11-24,2017,11,24,4,47,6,false,November,Friday,2018,2,,false
20171125,2017-11-25,2017-11-25,2017,11,25,4,47,7,true,November,Saturday,2018,2,,false
20171126,2017-11-26,2017-11-26,2017,11,26,4,47,1,true,November,Sunday,2018,2,,false
20171127,2017-11-27,2017-11-27,2017,11,27,4,48,2,false,November,Monday,2018,2,,false
20171128,2017-11-28,2017-11-28,2017,11,28,4,48,3,false,November,Tuesday,2018,2,,false
20171129,2017-11-29,2017-11-29,2017,11,29,4,48,4,false,November,Wednesday,2018,2,,false
20171130,2017-11-30,2017-11-30,2017,11,30,4,48,5,false,November,Thursday,2018,2,,false
20171201,2017-12-01,2017-12-01,2017,12,1,4,48,6,false,December,Friday,2018,2,,false
20171202,2017-12-02,2017-12-02,2017,12,2,4,48,7,true,December,Saturday,2018,2,,false
20171203,2017-12-03,2017-12-03,2017,12,3,4,48,1,true,December,Sunday,2018,2,,false
20171204,2017-12-04,2017-12-04,2017,12,4,4,49,2,false,December,Monday,2018,2,,false
20171205,2017-12-05,2017-12-05,2017,12,5,4,49,3,false,December,Tuesday,2018,2,,false
20171206,2017-12-06,2017-12-06,2017,12,6,4,49,4,false,December,Wednesday,2018,2,,false
20171207,2017-12-07,2017-12-07,2017,12,7,4,49,5,false,December,Thursday,2018,2,,false
20171208,2017-12-08,2017-12-08,2017,12,8,4,49,6,false,December,Friday,2018,2,,false
20171209,2017-12-09,2017-12-09,2017,12,9,4,49,7,true,December,Saturday,2018,2,,false
20171210,2017-12-10,2017-12-10,2017,12,10,4,49,1,true,December,Sunday,2018,2,,false
20171211,2017-12-11,2017-12-11,2017,12,11,4,50,2,false,December,Monday,2018,2,,false
20171212,2017-12-12,2017-12-12,2017,12,12,4,50,3,false,December,Tuesday,2018,2,,false
20171213,2017-12-13,2017-12-13,2017,12,13,4,50,4,false,December,Wednesday,2018,2,,false
20171214,2017-12-14,2017-12-14,2017,12,14,4,50,5,false,December,Thursday,2018,2,,false
20171215,2017-12-15,2017-12-15,2017,12,15,4,50,6,false,December,Friday,2018,2,,false
20171216,2017-12-16,2017-12-16,2017,12,16,4,50,7,true,December,Saturday,2018,2,,false
20171217,2017-12-17,2017-12-17,2017,12,17,4,50,1,true,December,Sunday,2018,2,,false
20171218,2017-12-18,2017-12-18,2017,12,18,4,51,2,false,December,Monday,2018,2,,false
20171219,2017-12-19,2017-12-19,2017,12,19,4,51,3,false,December,Tuesday,2018,2,,false
20171220,2017-12-20,2017-12-20,2017,12,20,4,51,4,false,December,Wednesday,2018,2,,false
20171221,2017-12-21,2017-12-21,2017,12,21,4,51,5,false,December,Thursday,2018,2,,false
20171222,2017-12-22,2017-12-22,2017,12,22,4,51,6,false,December,Friday,2018,2,,false
20171223,2017-12-23,2017-12-23,2017,12,23,4,51,7,true,December,Saturday,2018,2,,false
20171224,2017-12-24,2017-12-24,2017,12,24,4,51,1,true,December,Sunday,2018,2,,false
20171225,2017-12-25,2017-12-25,2017,12,25,4,52,2,false,December,Monday,2018,2,,false
20171226,2017-12-26,2017-12-26,2017,12,26,4,52,3,false,December,Tuesday,2018,2,,false
20171227,2017-12-27,2017-12-27,2017,12,27,4,52,4,false,December,Wednesday,2018,2,,false
20171228,2017-12-28,2017-12-28,2017,12,28,4,52,5,false,December,Thursday,2018,2,,false
20171229,2017-12-29,2017-12-29,2017,12,29,4,52,6,false,December,Friday,2018,2,,false
20171230,2017-12-30,2017-12-30,2017,12,30,4,52,7,true,December,Saturday,2018,2,,false
20171231,2017-12-31,2017-12-31,2017,12,31,4,52,1,true,December,Sunday,2018,2,,false
20180101,2018-01-01,2018-01-01,2018,1,1,1,1,2,false,January,Monday,2018,3,,false
20180102,2018-01-02,2018-01-02,2018,1,2,1,1,3,false,January,Tuesday,2018,3,,false
20180103,2018-01-03,2018-01-03,2018,1,3,1,1,4,false,January,Wednesday,2018,3,,false
20180104,2018-01-04,2018-01-04,2018,1,4,1,1,5,false,January,Thursday,2018,3,,false
20180105,2018-01-05,2018-01-05,2018,1,5,1,1,6,false,January,Friday,2018,3,,false
20180106,2018-01-06,2018-01-06,2018,1,6,1,1,7,true,January,Saturday,2018,3,,false
20180107,2018-01-07,2018-01-07,2018,1,7,1,1,1,true,January,Sunday,2018,3,,false
20180108,2018-01-08,2018-01-08,2018,1,8,1,2,2,false,January,Monday,2018,3,,false
20180109,2018-01-09,2018-01-09,2018,1,9,1,2,3,false,January,Tuesday,2018,3,,false
20180110,2018-01-10,2018-01-10,2018,1,10,1,2,4,false,January,Wednesday,2018,3,,false
20180111,2018-01-11,2018-01-11,2018,1,11,1,2,5,false,January,Thursday,2018,3,,false
20180112,2018-01-12,2018-01-12,2018,1,12,1,2,6,false,January,Friday,2018,3,,false
20180113,2018-01-13,2018-01-13,2018,1,13,1,2,7,true,January,Saturday,2018,3,,false
20180114,2018-01-14,2018-01-14,2018,1,14,1,2,1,true,January,Sunday,2018,3,,false
20180115,2018-01-15,2018-01-15,2018,1,15,1,3,2,false,January,Monday,2018,3,,false
20180116,2018-01-16,2018-01-16,2018,1,16,1,3,3,false,January,Tuesday,2018,3,,false
20180117,2018-01-17,2018-01-17,2018,1,17,1,3,4,false,January,Wednesday,2018,3,,false
20180118,2018-01-18,2018-01-18,2018,1,18,1,3,5,false,January,Thursday,2018,3,,false
20180119,2018-01-19,2018-01-19,2018,1,19,1,3,6,false,January,Friday,2018,3,,false
20180120,2018-01-20,2018-01-20,2018,1,20,1,3,7,true,January,Saturday,2018,3,,false
20180121,2018-01-21,2018-01-21,2018,1,21,1,3,1,true,January,Sunday,2018,3,,false
20180122,2018-01-22,2018-01-22,2018,1,22,1,4,2,false,January,Monday,2018,3,,false
20180123,2018-01-23,2018-01-23,2018,1,23,1,4,3,false,January,Tuesday,2018,3,,false
20180124,2018-01-24,2018-01-24,2018,1,24,1,4,4,false,January,Wednesday,2018,3,,false
20180125,2018-01-25,2018-01-25,2018,1,25,1,4,5,false,January,Thursday,2018,3,,false
20180126,2018-01-26,2018-01-26,2018,1,26,1,4,6,false,January,Friday,2018,3,,false
20180127,2018-01-27,2018-01-27,2018,1,27,1,4,7,true,January,Saturday,2018,3,,false
20180128,2018-01-28,2018-01-28,2018,1,28,1,4,1,true,January,Sunday,2018,3,,false
20180129,2018-01-29,2018-01-29,2018,1,29,1,5,2,false,January,Monday,2018,3,,false
20180130,2018-01-30,2018-01-30,2018,1,30,1,5,3,false,January,Tuesday,2018,3,,false
20180131,2018-01-31,2018-01-31,2018,1,31,1,5,4,false,January,Wednesday,2018,3,,false
20180201,2018-02-01,2018-02-01,2018,2,1,1,5,5,false,February,Thursday,2018,3,,false
20180202,2018-02-02,2018-02-02,2018,2,2,1,5,6,false,February,Friday,2018,3,,false
20180203,2018-02-03,2018-02-03,2018,2,3,1,5,7,true,February,Saturday,2018,3,,false
20180204,2018-02-04,2018-02-04,2018,2,4,1,5,1,true,February,Sunday,2018,3,,false
20180205,2018-02-05,2018-02-05,2018,2,5,1,6,2,false,February,Monday,2018,3,,false
20180206,2018-02-06,2018-02-06,2018,2,6,1,6,3,false,February,Tuesday,2018,3,,false
20180207,2018-02-07,2018-02-07,2018,2,7,1,6,4,false,February,Wednesday,2018,3,,false
20180208,2018-02-08,2018-02-08,2018,2,8,1,6,5,false,February,Thursday,2018,3,,false
20180209,2018-02-09,2018-02-09,2018,2,9,1,6,6,false,February,Friday,2018,3,,false
20180210,2018-02-10,2018-02-10,2018,2,10,1,6,7,true,February,Saturday,2018,3,,false
20180211,2018-02-11,2018-02-11,2018,2,11,1,6,1,true,February,Sunday,2018,3,,false
20180212,2018-02-12,2018-02-12,2018,2,12,1,7,2,false,February,Monday,2018,3,,false
20180213,2018-02-13,2018-02-13,2018,2,13,1,7,3,false,February,Tuesday,2018,3,,false
20180214,2018-02-14,2018-02-14,2018,2,14,1,7,4,false,February,Wednesday,2018,3,,false
20180215,2018-02-15,2018-02-15,2018,2,15,1,7,5,false,February,Thursday,2018,3,,false
20180216,2018-02-16,2018-02-16,2018,2,16,1,7,6,false,February,Friday,2018,3,,false
20180217,2018-02-17,2018-02-17,2018,2,17,1,7,7,true,February,Saturday,2018,3,,false
20180218,2018-02-18,2018-02-18,2018,2,18,1,7,1,true,February,Sunday,2018,3,,false
20180219,2018-02-19,2018-02-19,2018,2,19,1,8,2,false,February,Monday,2018,3,,false
20180220,2018-02-20,2018-02-20,2018,2,20,1,8,3,false,February,Tuesday,2018,3,,false
20180221,2018-02-21,2018-02-21,2018,2,21,1,8,4,false,February,Wednesday,2018,3,,false
20180222,2018-02-22,2018-02-22,2018,2,22,1,8,5,false,February,Thursday,2018,3,,false
20180223,2018-02-23,2018-02-23,2018,2,23,1,8,6,false,February,Friday,2018,3,,false
20180224,2018-02-24,2018-02-24,2018,2,24,1,8,7,true,February,Saturday,2018,3,,false
20180225,2018-02-25,2018-02-25,2018,2,25,1,8,1,true,February,Sunday,2018,3,,false
20180226,2018-02-26,2018-02-26,2018,2,26,1,9,2,false,February,Monday,2018,3,,false
20180227,2018-02-27,2018-02-27,2018,2,27,1,9,3,false,February,Tuesday,2018,3,,false
20180228,2018-02-28,2018-02-28,2018,2,28,1,9,4,false,February,Wednesday,2018,3,,false
20180301,2018-03-01,2018-03-01,2018,3,1,1,9,5,false,March,Thursday,2018,3,,false
20180302,2018-03-02,2018-03-02,2018,3,2,1,9,6,false,March,Friday,2018,3,,false
20180303,2018-03-03,2018-03-03,2018,3,3,1,9,7,true,March,Saturday,2018,3,,false
20180304,2018-03-04,2018-03-04,2018,3,4,1,9,1,true,March,Sunday,2018,3,,false
20180305,2018-03-05,2018-03-05,2018,3,5,1,10,2,false,March,Monday,2018,3,,false
20180306,2018-03-06,2018-03-06,2018,3,6,1,10,3,false,March,Tuesday,2018,3,,false
20180307,2018-03-07,2018-03-07,2018,3,7,1,10,4,false,March,Wednesday,2018,3,,false
20180308,2018-03-08,2018-03-08,2018,3,8,1,10,5,false,March,Thursday,2018,3,,false
20180309,2018-03-09,2018-03-09,2018,3,9,1,10,6,false,March,Friday,2018,3,,false
20180310,2018-03-10,2018-03-10,2018,3,10,1,10,7,true,March,Saturday,2018,3,,false
20180311,2018-03-11,2018-03-11,2018,3,11,1,10,1,true,March,Sunday,2018,3,,false
20180312,2018-03-12,2018-03-12,2018,3,12,1,11,2,false,March,Monday,2018,3,,false
20180313,2018-03-13,2018-03-13,2018,3,13,1,11,3,false,March,Tuesday,2018,3,,false
20180314,2018-03-14,2018-03-14,2018,3,14,1,11,4,false,March,Wednesday,2018,3,,false
20180315,2018-03-15,2018-03-15,2018,3,15,1,11,5,false,March,Thursday,2018,3,,false
20180316,2018-03-16,2018-03-16,2018,3,16,1,11,6,false,March,Friday,2018,3,,false
20180317,2018-03-17,2018-03-17,2018,3,17,1,11,7,true,March,Saturday,2018,3,,false
20180318,2018-03-18,2018-03-18,2018,3,18,1,11,1,true,March,Sunday,2018,3,,false
20180319,2018-03-19,2018-03-19,2018,3,19,1,12,2,false,March,Monday,2018,3,,false
20180320,2018-03-20,2018-03-20,2018,3,20,1,12,3,false,March,Tuesday,2018,3,,false
20180321,2018-03-21,2018-03-21,2018,3,21,1,12,4,false,March,Wednesday,2018,3,,false
20180322,2018-03-22,2018-03-22,2018,3,22,1,12,5,false,March,Thursday,2018,3,,false
20180323,2018-03-23,2018-03-23,2018,3,23,1,12,6,false,March,Friday,2018,3,,false
20180324,2018-03-24,2018-03-24,2018,3,24,1,12,7,true,March,Saturday,2018,3,,false
20180325,2018-03-25,2018-03-25,2018,3,25,1,12,1,true,March,Sunday,2018,3,,false
20180326,2018-03-26,2018-03-26,2018,3,26,1,13,2,false,March,Monday,2018,3,,false
20180327,2018-03-27,2018-03-27,2018,3,27,1,13,3,false,March,Tuesday,2018,3,,false
20180328,2018-03-28,2018-03-28,2018,3,28,1,13,4,false,March,Wednesday,2018,3,,false
20180329,2018-03-29,2018-03-29,2018,3,29,1,13,5,false,March,Thursday,2018,3,,false
20180330,2018-03-30,2018-03-30,2018,3,30,1,13,6,false,March,Friday,2018,3,,false
20180331,2018-03-31,2018-03-31,2018,3,31,1,13,7,true,March,Saturday,2018,3,,false
20180401,2018-04-01,2018-04-01,2018,4,1,2,13,1,true,April,Sunday,2018,4,,false
20180402,2018-04-02,2018-04-02,2018,4,2,2,14,2,false,April,Monday,2018,4,,false
20180403,2018-04-03,2018-04-03,2018,4,3,2,14,3,false,April,Tuesday,2018,4,,false
20180404,2018-04-04,2018-04-04,2018,4,4,2,14,4,false,April,Wednesday,2018,4,,false
20180405,2018-04-05,2018-04-05,2018,4,5,2,14,5,false,April,Thursday,2018,4,,false
20180406,2018-04-06,2018-04-06,2018,4,6,2,14,6,false,April,Friday,2018,4,,false
20180407,2018-04-07,2018-04-07,2018,4,7,2,14,7,true,April,Saturday,2018,4,,false
20180408,2018-04-08,2018-04-08,2018,4,8,2,14,1,true,April,Sunday,2018,4,,false
20180409,2018-04-09,2018-04-09,2018,4,9,2,15,2,false,April,Monday,2018,4,,false
20180410,2018-04-10,2018-04-10,2018,4,10,2,15,3,false,April,Tuesday,2018,4,,false
20180411,2018-04-11,2018-04-11,2018,4,11,2,15,4,false,April,Wednesday,2018,4,,false
20180412,2018-04-12,2018-04-12,2018,4,12,2,15,5,false,April,Thursday,2018,4,,false
20180413,2018-04-13,2018-04-13,2018,4,13,2,15,6,false,April,Friday,2018,4,,false
20180414,2018-04-14,2018-04-14,2018,4,14,2,15,7,true,April,Saturday,2018,4,,false
20180415,2018-04-15,2018-04-15,2018,4,15,2,15,1,true,April,Sunday,2018,4,,false
20180416,2018-04-16,2018-04-16,2018,4,16,2,16,2,false,April,Monday,2018,4,,false
20180417,2018-04-17,2018-04-17,2018,4,17,2,16,3,false,April,Tuesday,2018,4,,false
20180418,2018-04-18,2018-04-18,2018,4,18,2,16,4,false,April,Wednesday,2018,4,,false
20180419,2018-04-19,2018-04-19,2018,4,19,2,16,5,false,April,Thursday,2018,4,,false
20180420,2018-04-20,2018-04-20,2018,4,20,2,16,6,false,April,Friday,2018,4,,false
20180421,2018-04-21,2018-04-21,2018,4,21,2,16,7,true,April,Saturday,2018,4,,false
20180422,2018-04-22,2018-04-22,2018,4,22,2,16,1,true,April,Sunday,2018,4,,false
20180423,2018-04-23,2018-04-23,2018,4,23,2,17,2,false,April,Monday,2018,4,,false
20180424,2018-04-24,2018-04-24,2018,4,24,2,17,3,false,April,Tuesday,2018,4,,false
20180425,2018-04-25,2018-04-25,2018,4,25,2,17,4,false,April,Wednesday,2018,4,,false
20180426,2018-04-26,2018-04-26,2018,4,26,2,17,5,false,April,Thursday,2018,4,,false
20180427,2018-04-27,2018-04-27,2018,4,27,2,17,6,false,April,Friday,2018,4,,false
20180428,2018-04-28,2018-04-28,2018,4,28,2,17,7,true,April,Saturday,2018,4,,false
20180429,2018-04-29,2018-04-29,2018,4,29,2,17,1,true,April,Sunday,2018,4,,false
20180430,2018-04-30,2018-04-30,2018,4,30,2,18,2,false,April,Monday,2018,4,,false
20180501,2018-05-01,2018-05-01,2018,5,1,2,18,3,false,May,Tuesday,2018,4,,false
20180502,2018-05-02,2018-05-02,2018,5,2,2,18,4,false,May,Wednesday,2018,4,,false
20180503,2018-05-03,2018-05-03,2018,5,3,2,18,5,false,May,Thursday,2018,4,,false
20180504,2018-05-04,2018-05-04,2018,5,4,2,18,6,false,May,Friday,2018,4,,false
20180505,2018-05-05,2018-05-05,2018,5,5,2,18,7,true,May,Saturday,2018,4,,false
20180506,2018-05-06,2018-05-06,2018,5,6,2,18,1,true,May,Sunday,2018,4,,false
20180507,2018-05-07,2018-05-07,2018,5,7,2,19,2,false,May,Monday,2018,4,,false
20180508,2018-05-08,2018-05-08,2018,5,8,2,19,3,false,May,Tuesday,2018,4,,false
20180509,2018-05-09,2018-05-09,2018,5,9,2,19,4,false,May,Wednesday,2018,4,,false
20180510,2018-05-10,2018-05-10,2018,5,10,2,19,5,false,May,Thursday,2018,4,,false
20180511,2018-05-11,2018-05-11,2018,5,11,2,19,6,false,May,Friday,2018,4,,false
20180512,2018-05-12,2018-05-12,2018,5,12,2,19,7,true,May,Saturday,2018,4,,false
20180513,2018-05-13,2018-05-13,2018,5,13,2,19,1,true,May,Sunday,2018,4,,false
20180514,2018-05-14,2018-05-14,2018,5,14,2,20,2,false,May,Monday,2018,4,,false
20180515,2018-05-15,2018-05-15,2018,5,15,2,20,3,false,May,Tuesday,2018,4,,false
20180516,2018-05-16,2018-05-16,2018,5,16,2,20,4,false,May,Wednesday,2018,4,,false
20180517,2018-05-17,2018-05-17,2018,5,17,2,20,5,false,May,Thursday,2018,4,,false
20180518,2018-05-18,2018-05-18,2018,5,18,2,20,6,false,May,Friday,2018,4,,false
20180519,2018-05-19,2018-05-19,2018,5,19,2,20,7,true,May,Saturday,2018,4,,false
20180520,2018-05-20,2018-05-20,2018,5,20,2,20,1,true,May,Sunday,2018,4,,false
20180521,2018-05-21,2018-05-21,2018,5,21,2,21,2,false,May,Monday,2018,4,,false
20180522,2018-05-22,2018-05-22,2018,5,22,2,21,3,false,May,Tuesday,2018,4,,false
20180523,2018-05-23,2018-05-23,2018,5,23,2,21,4,false,May,Wednesday,2018,4,,false
20180524,2018-05-24,2018-05-24,2018,5,24,2,21,5,false,May,Thursday,2018,4,,false
20180525,2018-05-25,2018-05-25,2018,5,25,2,21,6,false,May,Friday,2018,4,,false
20180526,2018-05-26,2018-05-26,2018,5,26,2,21,7,true,May,Saturday,2018,4,,false
20180527,2018-05-27,2018-05-27,2018,5,27,2,21,1,true,May,Sunday,2018,4,,false
20180528,2018-05-28,2018-05-28,2018,5,28,2,22,2,false,May,Monday,2018,4,,false
20180529,2018-05-29,2018-05-29,2018,5,29,2,22,3,false,May,Tuesday,2018,4,,false
20180530,2018-05-30,2018-05-30,2018,5,30,2,22,4,false,May,Wednesday,2018,4,,false
20180531,2018-05-31,2018-05-31,2018,5,31,2,22,5,false,May,Thursday,2018,4,,false
20180601,2018-06-01,2018-06-01,2018,6,1,2,22,6,false,June,Friday,2018,4,,false
20180602,2018-06-02,2018-06-02,2018,6,2,2,22,7,true,June,Saturday,2018,4,,false
20180603,2018-06-03,2018-06-03,2018,6,3,2,22,1,true,June,Sunday,2018,4,,false
20180604,2018-06-04,2018-06-04,2018,6,4,2,23,2,false,June,Monday,2018,4,,false
20180605,2018-06-05,2018-06-05,2018,6,5,2,23,3,false,June,Tuesday,2018,4,,false
20180606,2018-06-06,2018-06-06,2018,6,6,2,23,4,false,June,Wednesday,2018,4,,false
20180607,2018-06-07,2018-06-07,2018,6,7,2,23,5,false,June,Thursday,2018,4,,false
20180608,2018-06-08,2018-06-08,2018,6,8,2,23,6,false,June,Friday,2018,4,,false
20180609,2018-06-09,2018-06-09,2018,6,9,2,23,7,true,June,Saturday,2018,4,,false
20180610,2018-06-10,2018-06-10,2018,6,10,2,23,1,true,June,Sunday,2018,4,,false
20180611,2018-06-11,2018-06-11,2018,6,11,2,24,2,false,June,Monday,2018,4,,false
20180612,2018-06-12,2018-06-12,2018,6,12,2,24,3,false,June,Tuesday,2018,4,,false
20180613,2018-06-13,2018-06-13,2018,6,13,2,24,4,false,June,Wednesday,2018,4,,false
20180614,2018-06-14,2018-06-14,2018,6,14,2,24,5,false,June,Thursday,2018,4,,false
20180615,2018-06-15,2018-06-15,2018,6,15,2,24,6,false,June,Friday,2018,4,,false
20180616,2018-06-16,2018-06-16,2018,6,16,2,24,7,true,June,Saturday,2018,4,,false
20180617,2018-06-17,2018-06-17,2018,6,17,2,24,1,true,June,Sunday,2018,4,,false
20180618,2018-06-18,2018-06-18,2018,6,18,2,25,2,false,June,Monday,2018,4,,false
20180619,2018-06-19,2018-06-19,2018,6,19,2,25,3,false,June,Tuesday,2018,4,,false
20180620,2018-06-20,2018-06-20,2018,6,20,2,25,4,false,June,Wednesday,2018,4,,false
20180621,2018-06-21,2018-06-21,2018,6,21,2,25,5,false,June,Thursday,2018,4,,false
20180622,2018-06-22,2018-06-22,2018,6,22,2,25,6,false,June,Friday,2018,4,,false
20180623,2018-06-23,2018-06-23,2018,6,23,2,25,7,true,June,Saturday,2018,4,,false
20180624,2018-06-24,2018-06-24,2018,6,24,2,25,1,true,June,Sunday,2018,4,,false
20180625,2018-06-25,2018-06-25,2018,6,25,2,26,2,false,June,Monday,2018,4,,false
20180626,2018-06-26,2018-06-26,2018,6,26,2,26,3,false,June,Tuesday,2018,4,,false
20180627,2018-06-27,2018-06-27,2018,6,27,2,26,4,false,June,Wednesday,2018,4,,false
20180628,2018-06-28,2018-06-28,2018,6,28,2,26,5,false,June,Thursday,2018,4,,false
20180629,2018-06-29,2018-06-29,2018,6,29,2,26,6,false,June,Friday,2018,4,,false
20180630,2018-06-30,2018-06-30,2018,6,30,2,26,7,true,June,Saturday,2018,4,,false
20180701,2018-07-01,2018-07-01,2018,7,1,3,26,1,true,July,Sunday,2019,1,,false
20180702,2018-07-02,2018-07-02,2018,7,2,3,27,2,false,July,Monday,2019,1,,false
20180703,2018-07-03,2018-07-03,2018,7,3,3,27,3,false,July,Tuesday,2019,1,,false
20180704,2018-07-04,2018-07-04,2018,7,4,3,27,4,false,July,Wednesday,2019,1,,false
20180705,2018-07-05,2018-07-05,2018,7,5,3,27,5,false,July,Thursday,2019,1,,false
20180706,2018-07-06,2018-07-06,2018,7,6,3,27,6,false,July,Friday,2019,1,,false
20180707,2018-07-07,2018-07-07,2018,7,7,3,27,7,true,July,Saturday,2019,1,,false
20180708,2018-07-08,2018-07-08,2018,7,8,3,27,1,true,July,Sunday,2019,1,,false
20180709,2018-07-09,2018-07-09,2018,7,9,3,28,2,false,July,Monday,2019,1,,false
20180710,2018-07-10,2018-07-10,2018,7,10,3,28,3,false,July,Tuesday,2019,1,,false
20180711,2018-07-11,2018-07-11,2018,7,11,3,28,4,false,July,Wednesday,2019,1,,false
20180712,2018-07-12,2018-07-12,2018,7,12,3,28,5,false,July,Thursday,2019,1,,false
20180713,2018-07-13,2018-07-13,2018,7,13,3,28,6,false,July,Friday,2019,1,,false
20180714,2018-07-14,2018-07-14,2018,7,14,3,28,7,true,July,Saturday,2019,1,,false
20180715,2018-07-15,2018-07-15,2018,7,15,3,28,1,true,July,Sunday,2019,1,,false
20180716,2018-07-16,2018-07-16,2018,7,16,3,29,2,false,July,Monday,2019,1,,false
20180717,2018-07-17,2018-07-17,2018,7,17,3,29,3,false,July,Tuesday,2019,1,,false
20180718,2018-07-18,2018-07-18,2018,7,18,3,29,4,false,July,Wednesday,2019,1,,false
20180719,2018-07-19,2018-07-19,2018,7,19,3,29,5,false,July,Thursday,2019,1,,false
20180720,2018-07-20,2018-07-20,2018,7,20,3,29,6,false,July,Friday,2019,1,,false
20180721,2018-07-21,2018-07-21,2018,7,21,3,29,7,true,July,Saturday,2019,1,,false
20180722,2018-07-22,2018-07-22,2018,7,22,3,29,1,true,July,Sunday,2019,1,,false
20180723,2018-07-23,2018-07-23,2018,7,23,3,30,2,false,July,Monday,2019,1,,false
20180724,2018-07-24,2018-07-24,2018,7,24,3,30,3,false,July,Tuesday,2019,1,,false
20180725,2018-07-25,2018-07-25,2018,7,25,3,30,4,false,July,Wednesday,2019,1,,false
20180726,2018-07-26,2018-07-26,2018,7,26,3,30,5,false,July,Thursday,2019,1,,false
20180727,2018-07-27,2018-07-27,2018,7,27,3,30,6,false,July,Friday,2019,1,,false
20180728,2018-07-28,2018-07-28,2018,7,28,3,30,7,true,July,Saturday,2019,1,,false
20180729,2018-07-29,2018-07-29,2018,7,29,3,30,1,true,July,Sunday,2019,1,,false
20180730,2018-07-30,2018-07-30,2018,7,30,3,31,2,false,July,Monday,2019,1,,false
20180731,2018-07-31,2018-07-31,2018,7,31,3,31,3,false,July,Tuesday,2019,1,,false
20180801,2018-08-01,2018-08-01,2018,8,1,3,31,4,false,August,Wednesday,2019,1,,false
20180802,2018-08-02,2018-08-02,2018,8,2,3,31,5,false,August,Thursday,2019,1,,false
20180803,2018-08-03,2018-08-03,2018,8,3,3,31,6,false,August,Friday,2019,1,,false
20180804,2018-08-04,2018-08-04,2018,8,4,3,31,7,true,August,Saturday,2019,1,,false
20180805,2018-08-05,2018-08-05,2018,8,5,3,31,1,true,August,Sunday,2019,1,,false
20180806,2018-08-06,2018-08-06,2018,8,6,3,32,2,false,August,Monday,2019,1,,false
20180807,2018-08-07,2018-08-07,2018,8,7,3,32,3,false,August,Tuesday,2019,1,,false
20180808,2018-08-08,2018-08-08,2018,8,8,3,32,4,false,August,Wednesday,2019,1,,false
20180809,2018-08-09,2018-08-09,2018,8,9,3,32,5,false,August,Thursday,2019,1,,false
20180810,2018-08-10,2018-08-10,2018,8,10,3,32,6,false,August,Friday,2019,1,,false
20180811,2018-08-11,2018-08-11,2018,8,11,3,32,7,true,August,Saturday,2019,1,,false
20180812,2018-08-12,2018-08-12,2018,8,12,3,32,1,true,August,Sunday,2019,1,,false
20180813,2018-08-13,2018-08-13,2018,8,13,3,33,2,false,August,Monday,2019,1,,false
20180814,2018-08-14,2018-08-14,2018,8,14,3,33,3,false,August,Tuesday,2019,1,,false
20180815,2018-08-15,2018-08-15,2018,8,15,3,33,4,false,August,Wednesday,2019,1,,false
20180816,2018-08-16,2018-08-16,2018,8,16,3,33,5,false,August,Thursday,2019,1,,false
20180817,2018-08-17,2018-08-17,2018,8,17,3,33,6,false,August,Friday,2019,1,,false
20180818,2018-08-18,2018-08-18,2018,8,18,3,33,7,true,August,Saturday,2019,1,,false
20180819,2018-08-19,2018-08-19,2018,8,19,3,33,1,true,August,Sunday,2019,1,,false
20180820,2018-08-20,2018-08-20,2018,8,20,3,34,2,false,August,Monday,2019,1,,false
20180821,2018-08-21,2018-08-21,2018,8,21,3,34,3,false,August,Tuesday,2019,1,,false
20180822,2018-08-22,2018-08-22,2018,8,22,3,34,4,false,August,Wednesday,2019,1,,false
20180823,2018-08-23,2018-08-23,2018,8,23,3,34,5,false,August,Thursday,2019,1,,false
20180824,2018-08-24,2018-08-24,2018,8,24,3,34,6,false,August,Friday,2019,1,,false
20180825,2018-08-25,2018-08-25,2018,8,25,3,34,7,true,August,Saturday,2019,1,,false
20180826,2018-08-26,2018-08-26,2018,8,26,3,34,1,true,August,Sunday,2019,1,,false
20180827,2018-08-27,2018-08-27,2018,8,27,3,35,2,false,August,Monday,2019,1,,false
20180828,2018-08-28,2018-08-28,2018,8,28,3,35,3,false,August,Tuesday,2019,1,,false
20180829,2018-08-29,2018-08-29,2018,8,29,3,35,4,false,August,Wednesday,2019,1,,false
20180830,2018-08-30,2018-08-30,2018,8,30,3,35,5,false,August,Thursday,2019,1,,false
20180831,2018-08-31,2018-08-31,2018,8,31,3,35,6,false,August,Friday,2019,1,,false
20180901,2018-09-01,2018-09-01,2018,9,1,3,35,7,true,September,Saturday,2019,1,,false
20180902,2018-09-02,2018-09-02,2018,9,2,3,35,1,true,September,Sunday,2019,1,,false
20180903,2018-09-03,2018-09-03,2018,9,3,3,36,2,false,September,Monday,2019,1,,false
20180904,2018-09-04,2018-09-04,2018,9,4,3,36,3,false,September,Tuesday,2019,1,,false
20180905,2018-09-05,2018-09-05,2018,9,5,3,36,4,false,September,Wednesday,2019,1,,false
20180906,2018-09-06,2018-09-06,2018,9,6,3,36,5,false,September,Thursday,2019,1,,false
20180907,2018-09-07,2018-09-07,2018,9,7,3,36,6,false,September,Friday,2019,1,,false
20180908,2018-09-08,2018-09-08,2018,9,8,3,36,7,true,September,Saturday,2019,1,,false
20180909,2018-09-09,2018-09-09,2018,9,9,3,36,1,true,September,Sunday,2019,1,,false
20180910,2018-09-10,2018-09-10,2018,9,10,3,37,2,false,September,Monday,2019,1,,false
20180911,2018-09-11,2018-09-11,2018,9,11,3,37,3,false,September,Tuesday,2019,1,,false
20180912,2018-09-12,2018-09-12,2018,9,12,3,37,4,false,September,Wednesday,2019,1,,false
20180913,2018-09-13,2018-09-13,2018,9,13,3,37,5,false,September,Thursday,2019,1,,false
20180914,2018-09-14,2018-09-14,2018,9,14,3,37,6,false,September,Friday,2019,1,,false
20180915,2018-09-15,2018-09-15,2018,9,15,3,37,7,true,September,Saturday,2019,1,,false
20180916,2018-09-16,2018-09-16,2018,9,16,3,37,1,true,September,Sunday,2019,1,,false
20180917,2018-09-17,2018-09-17,2018,9,17,3,38,2,false,September,Monday,2019,1,,false
20180918,2018-09-18,2018-09-18,2018,9,18,3,38,3,false,September,Tuesday,2019,1,,false
20180919,2018-09-19,2018-09-19,2018,9,19,3,38,4,false,September,Wednesday,2019,1,,false
20180920,2018-09-20,2018-09-20,2018,9,20,3,38,5,false,September,Thursday,2019,1,,false
20180921,2018-09-21,2018-09-21,2018,9,21,3,38,6,false,September,Friday,2019,1,,false
20180922,2018-09-22,2018-09-22,2018,9,22,3,38,7,true,September,Saturday,2019,1,,false
20180923,2018-09-23,2018-09-23,2018,9,23,3,38,1,true,September,Sunday,2019,1,,false
20180924,2018-09-24,2018-09-24,2018,9,24,3,39,2,false,September,Monday,2019,1,,false
20180925,2018-09-25,2018-09-25,2018,9,25,3,39,3,false,September,Tuesday,2019,1,,false
20180926,2018-09-26,2018-09-26,2018,9,26,3,39,4,false,September,Wednesday,2019,1,,false
20180927,2018-09-27,2018-09-27,2018,9,27,3,39,5,false,September,Thursday,2019,1,,false
20180928,2018-09-28,2018-09-28,2018,9,28,3,39,6,false,September,Friday,2019,1,,false
20180929,2018-09-29,2018-09-29,2018,9,29,3,39,7,true,September,Saturday,2019,1,,false
20180930,2018-09-30,2018-09-30,2018,9,30,3,39,1,true,September,Sunday,2019,1,,false
20181001,2018-10-01,2018-10-01,2018,10,1,4,40,2,false,October,Monday,2019,2,,false
20181002,2018-10-02,2018-10-02,2018,10,2,4,40,3,false,October,Tuesday,2019,2,,false
20181003,2018-10-03,2018-10-03,2018,10,3,4,40,4,false,October,Wednesday,2019,2,,false
20181004,2018-10-04,2018-10-04,2018,10,4,4,40,5,false,October,Thursday,2019,2,,false
20181005,2018-10-05,2018-10-05,2018,10,5,4,40,6,false,October,Friday,2019,2,,false
20181006,2018-10-06,2018-10-06,2018,10,6,4,40,7,true,October,Saturday,2019,2,,false
20181007,2018-10-07,2018-10-07,2018,10,7,4,40,1,true,October,Sunday,2019,2,,false
20181008,2018-10-08,2018-10-08,2018,10,8,4,41,2,false,October,Monday,2019,2,,false
20181009,2018-10-09,2018-10-09,2018,10,9,4,41,3,false,October,Tuesday,2019,2,,false
20181010,2018-10-10,2018-10-10,2018,10,10,4,41,4,false,October,Wednesday,2019,2,,false
20181011,2018-10-11,2018-10-11,2018,10,11,4,41,5,false,October,Thursday,2019,2,,false
20181012,2018-10-12,2018-10-12,2018,10,12,4,41,6,false,October,Friday,2019,2,,false
20181013,2018-10-13,2018-10-13,2018,10,13,4,41,7,true,October,Saturday,2019,2,,false
20181014,2018-10-14,2018-10-14,2018,10,14,4,41,1,true,October,Sunday,2019,2,,false
20181015,2018-10-15,2018-10-15,2018,10,15,4,42,2,false,October,Monday,2019,2,,false
20181016,2018-10-16,2018-10-16,2018,10,16,4,42,3,false,October,Tuesday,2019,2,,false
20181017,2018-10-17,2018-10-17,2018,10,17,4,42,4,false,October,Wednesday,2019,2,,false
